product_name,product_link,product_image_link,product_price,product_total_review
Export Quality New Stylish Slim Fit Denim Jeans Pant For Men,https://www.daraz.com.bd/products/-i523295902.html,https://img.drz.lazcdn.com/static/bd/p/4665a3c4d2d9d3bc23be7ee5960b43d0.png_200x200q80.avif,220,15
New Smart Looking Denim Jeans Pant For Men,https://www.daraz.com.bd/products/-i524818986.html,https://img.drz.lazcdn.com/static/bd/p/4665a3c4d2d9d3bc23be7ee5960b43d0.png_200x200q80.avif,209,0
New Stylish Slim-Fit Stretchable Denim Jeans for Men,https://www.daraz.com.bd/products/-i308089166.html,https://img.drz.lazcdn.com/static/bd/p/1b8dead4ce958a454b6e3de01bf214ad.jpg_200x200q80.avif,240,1
Export Quality New Stylish Slim Fit Denim Jeans Pant For Men,https://www.daraz.com.bd/products/-i523300749.html,https://img.drz.lazcdn.com/static/bd/p/55c20821c1b537850517e496f43ab64a.jpg_200x200q80.avif,220,1
"Pant Cutting Premium Paijama for Mens.Soft Cotton.chain system and Double Stitched.Very Comfortable,Islamic Style. White Colour.Back Pocket With butam.",https://www.daraz.com.bd/products/-i330818407.html,https://img.drz.lazcdn.com/g/kf/S1fbe2e9cb63041279b3dee62056f9269W.jpg_200x200q80.avif,325,102
Export Quality New Stylish Denim Jeans Pant For Men By Saiful Export,https://www.daraz.com.bd/products/-i365672559.html,https://img.drz.lazcdn.com/static/bd/p/50bb7de6e3cded64e37a8783d9f83ac2.jpg_200x200q80.avif,300,12
Stylish Boys Men's Denim Jeans Pant 2022,https://www.daraz.com.bd/products/2022-i247071172.html,https://img.drz.lazcdn.com/static/bd/p/ca882761b1d3d493ec39acd797e8ac85.jpg_200x200q80.avif,699,0
Export Quality Men's Stylish New Slim Fit Denim Jeans Pant,https://www.daraz.com.bd/products/-i523591135.html,https://img.drz.lazcdn.com/static/bd/p/f2fd6190ea8432a7200f2c5d9c7ce630.jpg_200x200q80.avif,192,1
6 Pocket Black Colour Exclusive Cargo Mobile Pant for Men,https://www.daraz.com.bd/products/6-i460219769.html,https://img.drz.lazcdn.com/static/bd/p/d7abb56cbf62afbb8fb7d093d58bf607.jpg_200x200q80.avif,465,1
Slim Fit Gent's Everyday Fashion & Always Attire Export Pants,https://www.daraz.com.bd/products/-i301989866.html,https://img.drz.lazcdn.com/static/bd/p/ad5a1106639cc5ec7f3a7d5cc47d75b5.jpg_200x200q80.avif,301,3
Export Quality New Style Slim Fit Denim Jeans Pants For Men,https://www.daraz.com.bd/products/-i520296903.html,https://img.drz.lazcdn.com/static/bd/p/dc266ef9aff2c7db51a7e46c919c37ca.jpg_200x200q80.avif,210,0
Export Quality New Fashionable Men's Slim Fit Denim Jeans Pant,https://www.daraz.com.bd/products/-i523692173.html,https://img.drz.lazcdn.com/static/bd/p/81dc1693db214d484489820f0826fac7.jpg_200x200q80.avif,249,0
Stylish Boys/Men's Slim-Fit Denim Jeans Pant,https://www.daraz.com.bd/products/-i524071012.html,https://img.drz.lazcdn.com/static/bd/p/ba5667d19c2f5ac0e3f13c2212bf10c3.jpg_200x200q80.avif,228,0
6 Pocket Black Mobile Pant For Men,https://www.daraz.com.bd/products/6-i293253157.html,https://img.drz.lazcdn.com/static/bd/p/8381aba30db7749024ddca9626cd4db4.jpg_200x200q80.avif,651,10
New Smart Looking Export Quality Denim Jeans Pant For Men,https://www.daraz.com.bd/products/-i524041519.html,https://img.drz.lazcdn.com/static/bd/p/9cfb7d675c51cea6f6b92660fed83327.jpg_200x200q80.avif,240,2
New Smart Looking Denim Jeans Pant For Men,https://www.daraz.com.bd/products/-i523191194.html,https://img.drz.lazcdn.com/static/bd/p/7089c905e768eddb58cc4c27e0824dfc.jpg_200x200q80.avif,238,0
